{"transform": {"header": {"stamp": {"secs": 0, "nsecs": 0}, "frame_id": "world", "seq": 0}, "transform": {"translation": {"y": 0.3, "x": 0.6, "z": 0.02}, "rotation": {"y": 0.7469166744613165, "x": -0.6646584989424609, "z": 0.009387090228191897, "w": -0.016013860629187193}}, "child_frame_id": "board"}}

{"object_name": "loc_18", "pose": {"header": {"stamp": {"secs": 1527494251, "nsecs": 462414026}, "frame_id": "board", "seq": 0}, "pose": {"position": {"y": -0.05057545412158232, "x": 0.7363365390103894, "z": -0.0034862452976344707}, "orientation": {"y": -0.030128966926783015, "x": -0.1085009173185725, "z": -0.6880150346905848, "w": -0.7169066245562712}}}}
{"object_name": "loc_19", "pose": {"header": {"stamp": {"secs": 1527494263, "nsecs": 179084301}, "frame_id": "board", "seq": 0}, "pose": {"position": {"y": 0.02022391613822367, "x": -0.129554780651724, "z": -0.0013556522973829303}, "orientation": {"y": 0.06875033378050467, "x": -0.024192904775480792, "z": 0.9795751198751412, "w": 0.18740512128860473}}}}
{ "object_name": "loc_10", "pose": {"header": {"stamp": {"secs": 1527494153, "nsecs": 529074907}, "frame_id": "board", "seq": 0}, "pose": {"position": {"y": 0.11596733756010716, "x": 0.26013784606583346, "z": 0.0}, "orientation": {"y": -0.0476090063544332, "x": 0.0675604006280288, "z": -0.937841597128939, "w": -0.3370787941647539}}}}
{ "object_name": "loc_11", "pose": {"header": {"stamp": {"secs": 1527494157, "nsecs": 429089546}, "frame_id": "board", "seq": 0}, "pose": {"position": {"y": 0.043937728592541886, "x": 0.6438732072704806, "z": -0.0014529682073282923}, "orientation": {"y": 0.07584262451663094, "x": 0.026296701879118405, "z": 0.837766031689999, "w": 0.5400967097873322}}}}
{ "object_name": "loc_12", "pose": {"header": {"stamp": {"secs": 1527494163, "nsecs": 162437677}, "frame_id": "board", "seq": 0}, "pose": {"position": {"y": -0.02771232695010367, "x": 0.5504774618523175, "z": -0.003890468049988693}, "orientation": {"y": -0.02709800256366144, "x": -0.10024461685331311, "z": -0.7372774536388976, "w": -0.6675617360250178}}}}
{ "object_name": "loc_13", "pose": {"header": {"stamp": {"secs": 1527494165, "nsecs": 445754051}, "frame_id": "board", "seq": 0}, "pose": {"position": {"y": -0.028119857390927695, "x": 0.35946972084379264, "z": -0.0037324239728801557}, "orientation": {"y": -0.003150396922198282, "x": 0.03423529939056041, "z": 0.7571429915795771, "w": 0.6523438583881965}}}}
{ "object_name": "loc_14", "pose": {"header": {"stamp": {"secs": 1527494213, "nsecs": 779112339}, "frame_id": "board", "seq": 0}, "pose": {"position": {"y": 0.021548352477543827, "x": 0.4392793508078796, "z": -0.0004815551650142207}, "orientation": {"y": 0.04602151826497784, "x": 0.07792296911744638, "z": 0.8550448779308885, "w": 0.5105960119944729}}}}
{ "object_name": "loc_15", "pose": {"header": {"stamp": {"secs": 1527494216, "nsecs": 729065657}, "frame_id": "board", "seq": 0}, "pose": {"position": {"y": 0.02109364645931868, "x": 0.24489042969876437, "z": -0.0009391296360222536}, "orientation": {"y": -0.03347695593514755, "x": -0.07301792092592814, "z": -0.8949622112248382, "w": -0.4388511332154892}}}}
{ "object_name": "loc_16", "pose": {"header": {"stamp": {"secs": 1527494219, "nsecs": 329115868}, "frame_id": "board", "seq": 0}, "pose": {"position": {"y": 0.021265435625606788, "x": 0.05585946369546413, "z": -0.0010866943958723033}, "orientation": {"y": 0.024155046636020115, "x": 0.03937471213538404, "z": 0.9159604546719546, "w": 0.39860081691262716}}}}
{ "object_name": "loc_17", "pose": {"header": {"stamp": {"secs": 1527494248, "nsecs": 695749521}, "frame_id": "board", "seq": 0}, "pose": {"position": {"y": -0.0516746999935382, "x": 0.4503018324124502, "z": -0.0042093295794069395}, "orientation": {"y": -0.10178372120201869, "x": -0.17570266677786345, "z": -0.8697388665958962, "w": -0.4498032357797157}}}}
{ "object_name": "loc_8", "pose": {"header": {"stamp": {"secs": 1527494081, "nsecs": 245750904}, "frame_id": "board", "seq": 0}, "pose": {"position": {"y": 0.0673123623248813, "x": -0.11819957737525943, "z": -0.000529293203694906}, "orientation": {"y": -0.09199954920780186, "x": -0.02204239273911617, "z": -0.9826223619036331, "w": -0.15969818331722338}}}}
{ "object_name": "loc_9", "pose": {"header": {"stamp": {"secs": 1527494150, "nsecs": 279087067}, "frame_id": "board", "seq": 0}, "pose": {"position": {"y": 0.09209277845727967, "x": 0.4538467609684205, "z": 0.0}, "orientation": {"y": 0.09168995941351935, "x": 0.0068922190801727415, "z": 0.9130316625777317, "w": 0.3973897731314196}}}}
{ "object_name": "loc_6", "pose": {"header": {"stamp": {"secs": 1527494075, "nsecs": 379102230}, "frame_id": "board", "seq": 0}, "pose": {"position": {"y": 0.11369306929267338, "x": -0.1261289291850433, "z": 0.0}, "orientation": {"y": 0.07187094200286825, "x": -0.061023926496261725, "z": 0.9873831660085665, "w": 0.12722079850990872}}}}
{ "object_name": "loc_7", "pose": {"header": {"stamp": {"secs": 1527494078, "nsecs": 595736504}, "frame_id": "board", "seq": 0}, "pose": {"position": {"y": 0.1149274695384531, "x": 0.06208364635543662, "z": -0.005476238253788906}, "orientation": {"y": 0.1316436407714954, "x": 0.019739166149056388, "z": 0.9750055991865761, "w": 0.17788872566576838}}}}
{ "object_name": "loc_4", "pose": {"header": {"stamp": {"secs": 1527494065, "nsecs": 979056120}, "frame_id": "board", "seq": 0}, "pose": {"position": {"y": 0.06856865760540547, "x": 0.4478018813158141, "z": -0.000679487573898074}, "orientation": {"y": -0.050516132689598016, "x": 0.014163494691613031, "z": -0.878984408924756, "w": -0.47395561461323}}}}
{ "object_name": "loc_5", "pose": {"header": {"stamp": {"secs": 1527494071, "nsecs": 795750141}, "frame_id": "board", "seq": 0}, "pose": {"position": {"y": 0.06760627153697468, "x": 0.06349269911330815, "z": -0.0007470379806025116}, "orientation": {"y": -0.010168248374561623, "x": 0.04411559477008324, "z": -0.9325496611657705, "w": -0.3581920580954878}}}}
{ "object_name": "loc_2", "pose": {"header": {"stamp": {"secs": 1527494059, "nsecs": 112413883}, "frame_id": "board", "seq": 0}, "pose": {"position": {"y": 0.06838950251450462, "x": 0.6409328063798745, "z": 0.0}, "orientation": {"y": 0.05237392498219545, "x": 0.02846261965189043, "z": 0.8403338301717435, "w": 0.53878187157086}}}}
{ "object_name": "loc_3", "pose": {"header": {"stamp": {"secs": 1527494063, "nsecs": 79089880}, "frame_id": "board", "seq": 0}, "pose": {"position": {"y": 0.11665509017783073, "x": 0.6388356663857032, "z": 0.0}, "orientation": {"y": -0.10153267056716704, "x": -0.0370089029955912, "z": -0.9240133314356973, "w": -0.3667708020489993}}}}
{ "object_name": "loc_1", "pose": {"header": {"stamp": {"secs": 1527494055, "nsecs": 529085398}, "frame_id": "board", "seq": 0}, "pose": {"position": {"y": 0.11632455207600452, "x": 0.4453907194544092, "z": 0.0}, "orientation": {"y": -0.11786933993294174, "x": -0.08813291134398896, "z": -0.9653377546033448, "w": -0.21555145135020032}}}}
{ "object_name": "loc_21", "pose": {"header": {"stamp": {"secs": 1527494268, "nsecs": 895766020}, "frame_id": "board", "seq": 0}, "pose": {"position": {"y": -0.05154799514940648, "x": 0.16430544712808814, "z": -0.0037950929585719236}, "orientation": {"y": -0.005930382797034961, "x": 0.1116709714778756, "z": 0.8909837694929233, "w": 0.44004811917476644}}}}
{ "object_name": "loc_20", "pose": {"header": {"stamp": {"secs": 1527494266, "nsecs": 62405825}, "frame_id": "board", "seq": 0}, "pose": {"position": {"y": -0.004160633654226489, "x": -0.12934699960990464, "z": -0.0023099752128949956}, "orientation": {"y": -0.07244377265392508, "x": -0.03632447730548691, "z": -0.9806310168123201, "w": -0.17831220097846523}}}}
{ "object_name": "loc_22", "pose": {"header": {"stamp": {"secs": 1527494272, "nsecs": 112411737}, "frame_id": "board", "seq": 0}, "pose": {"position": {"y": -0.053125884341393995, "x": -0.12314828038551515, "z": -0.003994731112100612}, "orientation": {"y": 0.020234469107146453, "x": -0.008462505531981614,